--INSERTING ENTRIES FOR USERS

INSERT INTO users (user_id, first_name, last_name, email, user_type, password_hash) VALUES
('aarav_sharma_01', 'Aarav', 'Sharma', 'aarav.sharma@example.com', 'freelancer', 'hash12345'),
('vivaan_mehta_02', 'Vivaan', 'Mehta', 'vivaan.mehta@example.com', 'client', 'hash12345'),
('aditya_verma_03', 'Aditya', 'Verma', 'aditya.verma@example.com', 'freelancer', 'hash12345'),
('reyansh_joshi_04', 'Reyansh', 'Joshi', 'reyansh.joshi@example.com', 'client', 'hash12345'),
('krishna_iyer_05', 'Krishna', 'Iyer', 'krishna.iyer@example.com', 'freelancer', 'hash12345'),
('anaya_reddy_06', 'Anaya', 'Reddy', 'anaya.reddy@example.com', 'client', 'hash12345'),
('ishaan_chopra_07', 'Ishaan', 'Chopra', 'ishaan.chopra@example.com', 'freelancer', 'hash12345'),
('diya_kumar_08', 'Diya', 'Kumar', 'diya.kumar@example.com', 'freelancer', 'hash12345'),
('kabir_nair_09', 'Kabir', 'Nair', 'kabir.nair@example.com', 'client', 'hash12345'),
('myra_sinha_10', 'Myra', 'Sinha', 'myra.sinha@example.com', 'freelancer', 'hash12345'),
('aryan_gupta_11', 'Aryan', 'Gupta', 'aryan.gupta@example.com', 'client', 'hash12345'),
('tanish_kapoor_12', 'Tanish', 'Kapoor', 'tanish.kapoor@example.com', 'freelancer', 'hash12345'),
('riya_malhotra_13', 'Riya', 'Malhotra', 'riya.malhotra@example.com', 'client', 'hash12345'),
('parth_bose_14', 'Parth', 'Bose', 'parth.bose@example.com', 'freelancer', 'hash12345'),
('saanvi_chatterjee_15', 'Saanvi', 'Chatterjee', 'saanvi.chatterjee@example.com', 'freelancer', 'hash12345'),
('yuvan_deshmukh_16', 'Yuvan', 'Deshmukh', 'yuvan.deshmukh@example.com', 'client', 'hash12345'),
('mira_banerjee_17', 'Mira', 'Banerjee', 'mira.banerjee@example.com', 'freelancer', 'hash12345'),
('dhruv_ghosh_18', 'Dhruv', 'Ghosh', 'dhruv.ghosh@example.com', 'client', 'hash12345'),
('anika_menon_19', 'Anika', 'Menon', 'anika.menon@example.com', 'freelancer', 'hash12345'),
('atharv_naidu_20', 'Atharv', 'Naidu', 'atharv.naidu@example.com', 'freelancer', 'hash12345'),
('ira_patel_21', 'Ira', 'Patel', 'ira.patel@example.com', 'client', 'hash12345'),
('kiaan_kulkarni_22', 'Kiaan', 'Kulkarni', 'kiaan.kulkarni@example.com', 'freelancer', 'hash12345'),
('navya_rastogi_23', 'Navya', 'Rastogi', 'navya.rastogi@example.com', 'client', 'hash12345'),
('aanya_bhatt_24', 'Aanya', 'Bhatt', 'aanya.bhatt@example.com', 'freelancer', 'hash12345'),
('neil_rajput_25', 'Neil', 'Rajput', 'neil.rajput@example.com', 'freelancer', 'hash12345'),
('sara_dwivedi_26', 'Sara', 'Dwivedi', 'sara.dwivedi@example.com', 'client', 'hash12345'),
('rudra_mishra_27', 'Rudra', 'Mishra', 'rudra.mishra@example.com', 'freelancer', 'hash12345'),
('avni_tripathi_28', 'Avni', 'Tripathi', 'avni.tripathi@example.com', 'freelancer', 'hash12345'),
('veer_pandey_29', 'Veer', 'Pandey', 'veer.pandey@example.com', 'client', 'hash12345'),
('aarohi_chowdhury_30', 'Aarohi', 'Chowdhury', 'aarohi.chowdhury@example.com', 'freelancer', 'hash12345'),
('om_dutta_31', 'Om', 'Dutta', 'om.dutta@example.com', 'client', 'hash12345'),
('ishita_bhattacharya_32', 'Ishita', 'Bhattacharya', 'ishita.bhattacharya@example.com', 'freelancer', 'hash12345'),
('arnav_shetty_33', 'Arnav', 'Shetty', 'arnav.shetty@example.com', 'freelancer', 'hash12345'),
('meera_pillai_34', 'Meera', 'Pillai', 'meera.pillai@example.com', 'client', 'hash12345'),
('dev_kashyap_35', 'Dev', 'Kashyap', 'dev.kashyap@example.com', 'freelancer', 'hash12345'),
('trisha_aggarwal_36', 'Trisha', 'Aggarwal', 'trisha.aggarwal@example.com', 'client', 'hash12345'),
('rohan_sekhar_37', 'Rohan', 'Sekhar', 'rohan.sekhar@example.com', 'freelancer', 'hash12345'),
('kiara_venkatesh_38', 'Kiara', 'Venkatesh', 'kiara.venkatesh@example.com', 'client', 'hash12345'),
('harsh_raman_39', 'Harsh', 'Raman', 'harsh.raman@example.com', 'freelancer', 'hash12345'),
('anvi_mahajan_40', 'Anvi', 'Mahajan', 'anvi.mahajan@example.com', 'freelancer', 'hash12345'),
('manav_lal_41', 'Manav', 'Lal', 'manav.lal@example.com', 'client', 'hash12345'),
('naina_jha_42', 'Naina', 'Jha', 'naina.jha@example.com', 'freelancer', 'hash12345'),
('shaurya_talwar_43', 'Shaurya', 'Talwar', 'shaurya.talwar@example.com', 'client', 'hash12345'),
('tara_saxena_44', 'Tara', 'Saxena', 'tara.saxena@example.com', 'freelancer', 'hash12345'),
('ayaan_mittal_45', 'Ayaan', 'Mittal', 'ayaan.mittal@example.com', 'freelancer', 'hash12345'),
('vanya_tiwari_46', 'Vanya', 'Tiwari', 'vanya.tiwari@example.com', 'client', 'hash12345'),
('hrithik_garg_47', 'Hrithik', 'Garg', 'hrithik.garg@example.com', 'freelancer', 'hash12345'),
('prisha_kohli_48', 'Prisha', 'Kohli', 'prisha.kohli@example.com', 'client', 'hash12345'),
('siddharth_patel_49', 'Siddharth', 'Patel', 'siddharth.patel@example.com', 'freelancer', 'hash12345'),
('ayesha_khan_50', 'Ayesha', 'Khan', 'ayesha.khan@example.com', 'client', 'hash12345');

----------------------------------------------------------------------------------------------------------------------------------------

--INSERTING VALUES FOR PROJECTS

INSERT INTO projects (project_id, client_id, title, description, budget, deadline, status) VALUES
('proj001', 'vivaan_mehta_02', 'Mobile App Development', 'A mobile app for food delivery.', 50000.00, '2025-08-01', 'open'),
('proj002', 'reyansh_joshi_04', 'E-commerce Website', 'A website for fashion products.', 75000.00, '2025-07-15', 'in progress'),
('proj003', 'anaya_reddy_06', 'Marketing Campaign', 'Social media marketing for a new product.', 30000.00, '2025-06-30', 'open'),
('proj004', 'kabir_nair_09', 'Logo Design', 'Minimalist logo for startup.', 5000.00, '2025-05-20', 'completed'),
('proj005', 'aryan_gupta_11', 'Blog Writing', 'SEO articles for a tech blog.', 10000.00, '2025-06-10', 'in progress'),
('proj006', 'riya_malhotra_13', 'Data Analysis', 'Analyze customer feedback data.', 20000.00, '2025-07-05', 'open'),
('proj007', 'yuvan_deshmukh_16', 'CRM Integration', 'Integrate Zoho CRM with website.', 40000.00, '2025-07-25', 'cancelled'),
('proj008', 'dhruv_ghosh_18', 'Custom CMS', 'Develop a CMS for educational content.', 60000.00, '2025-08-10', 'open'),
('proj009', 'ira_patel_21', 'Product Photography', 'Photoshoot for new product line.', 15000.00, '2025-05-30', 'completed'),
('proj010', 'navya_rastogi_23', 'UX/UI Design', 'Redesign a mobile app interface.', 25000.00, '2025-06-15', 'open'),
('proj011', 'sara_dwivedi_26', 'API Development', 'Create REST APIs for travel app.', 35000.00, '2025-07-10', 'in progress'),
('proj012', 'veer_pandey_29', 'Game Development', 'A 2D mobile puzzle game.', 55000.00, '2025-09-01', 'open'),
('proj013', 'om_dutta_31', 'Translation Services', 'Translate documents to Hindi.', 8000.00, '2025-06-05', 'completed'),
('proj014', 'meera_pillai_34', 'Voiceover Project', 'Voiceover for animated videos.', 12000.00, '2025-06-25', 'open'),
('proj015', 'trisha_aggarwal_36', 'Instagram Reels', 'Short videos for a clothing brand.', 9000.00, '2025-07-01', 'in progress'),
('proj016', 'kiara_venkatesh_38', 'Academic Tutoring', '1-on-1 math tutoring for Class 10.', 10000.00, '2025-06-20', 'open'),
('proj017', 'manav_lal_41', 'Interior Renderings', '3D renders for a home interior.', 45000.00, '2025-07-30', 'open'),
('proj018', 'shaurya_talwar_43', 'Database Optimization', 'Improve query performance.', 18000.00, '2025-06-18', 'cancelled'),
('proj019', 'vanya_tiwari_46', 'Podcast Editing', 'Edit weekly podcast episodes.', 11000.00, '2025-07-12', 'in progress'),
('proj020', 'prisha_kohli_48', 'Resume Writing', 'Professional resume service.', 6000.00, '2025-05-25', 'completed');

----------------------------------------------------------------------------------------------------------------------------------------

--INSERTING VALUES FOR SKILLS 

INSERT INTO skills (skill_name) VALUES
('Mobile App Development'),
('E-commerce Website'),
('Marketing Campaign'),
('Logo Design'),
('Blog Writing'),
('Data Analysis'),
('CRM Integration'),
('Custom CMS'),
('Product Photography'),
('UX/UI Design'),
('API Development'),
('Game Development'),
('Translation Services'),
('Voiceover Project'),
('Instagram Reels'),
('Academic Tutoring'),
('Interior Renderings'),
('Database Optimization'),
('Podcast Editing'),
('Resume Writing');

----------------------------------------------------------------------------------------------------------------------------------------

--INSERING VALUES FOR FREELANCER SKILLS

INSERT INTO freelancer_skills (skill_id, freelancer_id) VALUES
('447d4f06-e', 'aarav_sharma_01'),
('7d454503-a', 'aarav_sharma_01'),
('447d4f06-e', 'aditya_verma_03'),
('ec5ce2c1-4', 'aditya_verma_03'),
('5443f927-1', 'krishna_iyer_05'),
('60cb078b-7', 'krishna_iyer_05'),
('bd48d4d4-a', 'krishna_iyer_05'),
('6d0e39cb-4', 'ishaan_chopra_07'),
('1c13a61b-0', 'ishaan_chopra_07'),
('9b86f7af-4', 'ishaan_chopra_07'),
('e4f8b55c-e', 'diya_kumar_08'),
('da2f5f37-1', 'diya_kumar_08'),
('dd1bad26-b', 'myra_sinha_10'),
('bd48d4d4-a', 'myra_sinha_10'),
('4a1ae9bf-a', 'myra_sinha_10'),
('c47a152f-7', 'tanish_kapoor_12'),
('bd48d4d4-a', 'tanish_kapoor_12'),
('dd1bad26-b', 'tanish_kapoor_12'),
('1d8e313b-0', 'parth_bose_14'),
('1742c979-4', 'parth_bose_14'),
('ec5ce2c1-4', 'saanvi_chatterjee_15'),
('7d454503-a', 'saanvi_chatterjee_15'),
('9b86f7af-4', 'mira_banerjee_17'),
('1c13a61b-0', 'mira_banerjee_17'),
('6d0e39cb-4', 'mira_banerjee_17'),
('012e6ebe-d', 'anika_menon_19'),
('1d8e313b-0', 'anika_menon_19'),
('5ea4b281-b', 'atharv_naidu_20'),
('da2f5f37-1', 'atharv_naidu_20'),
('447d4f06-e', 'atharv_naidu_20'),
('60cb078b-7', 'kiaan_kulkarni_22'),
('bd48d4d4-a', 'kiaan_kulkarni_22'),
('1c692830-f', 'aanya_bhatt_24'),
('e4f8b55c-e', 'aanya_bhatt_24'),
('eac83e0c-4', 'neil_rajput_25'),
('7d454503-a', 'rudra_mishra_27'),
('ec5ce2c1-4', 'rudra_mishra_27'),
('447d4f06-e', 'rudra_mishra_27'),
('e4f8b55c-e', 'avni_tripathi_28'),
('1c692830-f', 'avni_tripathi_28'),
('da2f5f37-1', 'avni_tripathi_28'),
('60cb078b-7', 'aarohi_chowdhury_30'),
('5443f927-1', 'aarohi_chowdhury_30'),
('9b86f7af-4', 'ishita_bhattacharya_32'),
('6d0e39cb-4', 'ishita_bhattacharya_32'),
('4a1ae9bf-a', 'arnav_shetty_33'),
('dd1bad26-b', 'arnav_shetty_33'),
('c47a152f-7', 'dev_kashyap_35'),
('dd1bad26-b', 'dev_kashyap_35'),
('012e6ebe-d', 'rohan_sekhar_37'),
('1742c979-4', 'rohan_sekhar_37'),
('eac83e0c-4', 'harsh_raman_39'),
('e4f8b55c-e', 'anvi_mahajan_40'),
('1c692830-f', 'anvi_mahajan_40'),
('ec5ce2c1-4', 'naina_jha_42'),
('7d454503-a', 'naina_jha_42'),
('5ea4b281-b', 'tara_saxena_44'),
('447d4f06-e', 'tara_saxena_44'),
('da2f5f37-1', 'tara_saxena_44'),
('5443f927-1', 'ayaan_mittal_45'),
('60cb078b-7', 'ayaan_mittal_45'),
('9b86f7af-4', 'hrithik_garg_47'),
('1c13a61b-0', 'hrithik_garg_47'),
('7d454503-a', 'siddharth_patel_49'),
('ec5ce2c1-4', 'siddharth_patel_49');

----------------------------------------------------------------------------------------------------------------------------------------

--INSERTING VALUES FOR PROPOSALS

-- Aanya Bhatt: Logo Design, Product Photography
INSERT INTO proposals (freelancer_id, project_id, proposal_text, bid_amount)
VALUES 
('aanya_bhatt_24', 'proj004', 'Expert in minimalist logo design, ready to deliver in 2 days.', 5200.00),
('aanya_bhatt_24', 'proj009', 'Professional product photography with premium editing.', 14000.00);

-- Aarav Sharma: Blog Writing, Resume Writing
INSERT INTO proposals (freelancer_id, project_id, proposal_text, bid_amount)
VALUES 
('aarav_sharma_01', 'proj005', 'Creative blog posts with SEO optimization.', 9500.00),
('aarav_sharma_01', 'proj020', 'Industry-standard resumes tailored to job roles.', 5800.00);

-- Aarohi Chowdhury: Custom CMS, E-commerce Website
INSERT INTO proposals (freelancer_id, project_id, proposal_text, bid_amount)
VALUES 
('aarohi_chowdhury_30', 'proj002', 'Custom-built scalable e-commerce site in Laravel.', 77000.00),
('aarohi_chowdhury_30', 'proj008', 'CMS tailored to your business model and brand.', 61000.00);

-- Aditya Verma: Academic Tutoring, Blog Writing
INSERT INTO proposals (freelancer_id, project_id, proposal_text, bid_amount)
VALUES 
('aditya_verma_03', 'proj005', 'Insightful blogs with scholarly tone.', 10200.00),
('aditya_verma_03', 'proj016', 'Tutoring with personalized study plans.', 9800.00);

-- Anika Menon: Translation Services, Voiceover Project
INSERT INTO proposals (freelancer_id, project_id, proposal_text, bid_amount)
VALUES 
('anika_menon_19', 'proj013', 'Native-level translation in 3 languages.', 8200.00),
('anika_menon_19', 'proj014', 'Warm, clear voiceover for commercials or tutorials.', 12500.00);

-- Arnav Shetty: Mobile App Development, UX/UI Design
INSERT INTO proposals (freelancer_id, project_id, proposal_text, bid_amount)
VALUES 
('arnav_shetty_33', 'proj001', 'Cross-platform app using Flutter or React Native.', 51000.00),
('arnav_shetty_33', 'proj010', 'User-centric, responsive designs using Figma.', 26000.00);

-- Atharv Naidu: Blog Writing, Instagram Reels, Marketing Campaign
INSERT INTO proposals (freelancer_id, project_id, proposal_text, bid_amount)
VALUES 
('atharv_naidu_20', 'proj003', 'Full-funnel campaign with measurable KPIs.', 31000.00),
('atharv_naidu_20', 'proj015', 'Creative and engaging reels posted with trending audio.', 8900.00);

-- Avni Tripathi: Instagram Reels, Logo Design, Product Photography
INSERT INTO proposals (freelancer_id, project_id, proposal_text, bid_amount)
VALUES 
('avni_tripathi_28', 'proj004', 'Original logo concepts with revisions.', 5100.00),
('avni_tripathi_28', 'proj015', 'Trendy reel creation with motion graphics.', 9500.00),
('avni_tripathi_28', 'proj009', 'Studio-quality product shots with props.', 15000.00);

-- Ayaan Mittal: Custom CMS, E-commerce Website
INSERT INTO proposals (freelancer_id, project_id, proposal_text, bid_amount)
VALUES 
('ayaan_mittal_45', 'proj002', 'Modern e-commerce solution with payment gateway.', 74500.00),
('ayaan_mittal_45', 'proj008', 'Efficient CMS with admin dashboard and role-based access.', 60000.00);

-- Dev Kashyap: Game Development, UX/UI Design
INSERT INTO proposals (freelancer_id, project_id, proposal_text, bid_amount)
VALUES 
('dev_kashyap_35', 'proj012', 'Immersive gameplay with Unity and C#.', 56500.00),
('dev_kashyap_35', 'proj010', 'High-fidelity UI prototypes for mobile and web.', 24000.00);

-- Diya Kumar: Instagram Reels, Logo Design
INSERT INTO proposals (freelancer_id, project_id, proposal_text, bid_amount)
VALUES 
('diya_kumar_08', 'proj004', 'Clean, iconic logo concepts.', 5000.00),
('diya_kumar_08', 'proj015', 'Quick turnaround reels with viral potential.', 8700.00);

-- Hrithik Garg: Data Analysis, Database Optimization
INSERT INTO proposals (freelancer_id, project_id, proposal_text, bid_amount)
VALUES 
('hrithik_garg_47', 'proj006', 'Insightful dashboards using Python & SQL.', 21000.00),
('hrithik_garg_47', 'proj018', 'Query optimization and schema redesign.', 17500.00);

-- Ishaan Chopra: CRM Integration, Data Analysis, Database Optimization
INSERT INTO proposals (freelancer_id, project_id, proposal_text, bid_amount)
VALUES 
('ishaan_chopra_07', 'proj006', 'Detailed customer insights from data.', 19800.00),
('ishaan_chopra_07', 'proj007', 'Salesforce and Hubspot integrations.', 38500.00);

-- Krishna Iyer: API Development, Custom CMS, E-commerce Website
INSERT INTO proposals (freelancer_id, project_id, proposal_text, bid_amount)
VALUES 
('krishna_iyer_05', 'proj011', 'RESTful APIs with authentication and caching.', 36000.00),
('krishna_iyer_05', 'proj008', 'Modular CMS with GraphQL backend.', 59500.00);

-- Mira Banerjee: CRM Integration, Data Analysis, Database Optimization
INSERT INTO proposals (freelancer_id, project_id, proposal_text, bid_amount)
VALUES 
('mira_banerjee_17', 'proj006', 'Exploratory data analysis with Python notebooks.', 20000.00),
('mira_banerjee_17', 'proj007', 'Smooth CRM implementation using Zoho.', 39000.00);

-- Myra Sinha: API Development, Mobile App Development, UX/UI Design
INSERT INTO proposals (freelancer_id, project_id, proposal_text, bid_amount)
VALUES 
('myra_sinha_10', 'proj001', 'Fully featured app with cloud backend.', 53000.00),
('myra_sinha_10', 'proj011', 'Node.js APIs with robust validation.', 34000.00);

-- Naina Jha: Academic Tutoring, Resume Writing
INSERT INTO proposals (freelancer_id, project_id, proposal_text, bid_amount)
VALUES 
('naina_jha_42', 'proj016', 'Subject-wise guidance with mock tests.', 9900.00),
('naina_jha_42', 'proj020', 'Professional resume for freshers and mid-level roles.', 6100.00);

-- Parth Bose: Podcast Editing, Translation Services
INSERT INTO proposals (freelancer_id, project_id, proposal_text, bid_amount)
VALUES 
('parth_bose_14', 'proj019', 'Clean audio edits with intro/outro music.', 11200.00),
('parth_bose_14', 'proj013', 'Fast, accurate translations with cultural context.', 8100.00);

-- Rudra Mishra: Academic Tutoring, Blog Writing, Resume Writing
INSERT INTO proposals (freelancer_id, project_id, proposal_text, bid_amount)
VALUES 
('rudra_mishra_27', 'proj005', 'Engaging and informative blog content.', 10000.00),
('rudra_mishra_27', 'proj016', 'Personalized tutoring for competitive exams.', 10100.00);

-- Saanvi Chatterjee: Academic Tutoring, Resume Writing
INSERT INTO proposals (freelancer_id, project_id, proposal_text, bid_amount)
VALUES 
('saanvi_chatterjee_15', 'proj016', 'Clear, concept-based learning plans.', 9500.00),
('saanvi_chatterjee_15', 'proj020', 'ATS-optimized resume with custom design.', 5900.00);

-- Tanish Kapoor: API Development, Game Development, UX/UI Design
INSERT INTO proposals (freelancer_id, project_id, proposal_text, bid_amount)
VALUES 
('tanish_kapoor_12', 'proj011', 'Efficient and secure API services.', 34500.00),
('tanish_kapoor_12', 'proj012', 'Interactive and engaging games built with Unity.', 54000.00);

-- Tara Saxena: Blog Writing, Instagram Reels, Marketing Campaign
INSERT INTO proposals (freelancer_id, project_id, proposal_text, bid_amount)
VALUES 
('tara_saxena_44', 'proj003', 'Creative ad campaigns that convert.', 29000.00),
('tara_saxena_44', 'proj015', 'Short-form video content optimized for reach.', 9200.00);

----------------------------------------------------------------------------------------------------------------------------------------

--INSERTING VALUES FOR REVIEWS

-- Reviews for proj004 (Logo Design)
INSERT INTO reviews (reviewer_id, reviewee_id, review_text, rating) VALUES
('kabir_nair_09', 'aanya_bhatt_24', 'Aanya delivered a clean and modern logo ahead of schedule. Very satisfied.', 5),
('kabir_nair_09', 'avni_tripathi_28', 'Avni provided some unique design ideas, but communication could be better.', 4),
('kabir_nair_09', 'diya_kumar_08', 'Diya contributed well but missed a few minor branding details.', 3);

-- Reviews for proj009 (Product Photography)
INSERT INTO reviews (reviewer_id, reviewee_id, review_text, rating) VALUES
('ira_patel_21', 'aanya_bhatt_24', 'Aanya captured the product essence perfectly. High quality work.', 5),
('ira_patel_21', 'avni_tripathi_28', 'Great attention to detail and lighting. Would hire again.', 4);

-- Reviews for proj013 (Translation Services)
INSERT INTO reviews (reviewer_id, reviewee_id, review_text, rating) VALUES
('om_dutta_31', 'parth_bose_14', 'Parth delivered flawless translation with cultural sensitivity. Excellent.', 5),
('om_dutta_31', 'anika_menon_19', 'Accurate and quick, though there were a few formatting issues.', 4);

-- Reviews for proj020 (Resume Writing)
INSERT INTO reviews (reviewer_id, reviewee_id, review_text, rating) VALUES
('prisha_kohli_48', 'aarav_sharma_01', 'Aarav crafted a professional and impactful resume. Very impressed.', 5),
('prisha_kohli_48', 'naina_jha_42', 'Naina offered helpful suggestions but the formatting needed refinement.', 4),
('prisha_kohli_48', 'saanvi_chatterjee_15', 'Saanvi delivered on time, but the language used could be more polished.', 3);

----------------------------------------------------------------------------------------------------------------------------------------

--INSERTING VALUES FOR ENDORSEMENTS

INSERT INTO endorsements (client_id, freelancer_id, endorsement_text)
VALUES 
-- proj020
('prisha_kohli_48', 'saanvi_chatterjee_15', 'Saanvi brought creativity and diligence to the resume project. Would definitely recommend her.'),
-- proj013
('om_dutta_31', 'anika_menon_19', 'Anika delivered a professional translation with quick turnaround. Excellent work overall.'),
-- proj009
('ira_patel_21', 'avni_tripathi_28', 'Avni demonstrated a great eye for aesthetics and a strong understanding of our product.'),
-- proj004
('kabir_nair_09', 'diya_kumar_08', 'Diya was a pleasure to work with. Delivered impactful branding assets with style.'),
-- proj004
('kabir_nair_09', 'avni_tripathi_28', 'Avni stood out with her bold design choices and keen attention to client feedback.');

----------------------------------------------------------------------------------------------------------------------------------------

--INSERTING VALUES INTO CONTRACTS

-- Contract for proj004 (Logo Design) by aanya_bhatt_24
INSERT INTO contracts (client_id, freelancer_id, project_id, proposal_id, agreed_price, start_date, status)
VALUES ('kabir_nair_09', 'aanya_bhatt_24', 'proj004', '28595a24-5', 5200.00, '2025-05-04', 'completed');

-- Contract for proj005 (Blog Writing) by rudra_mishra_27
INSERT INTO contracts (client_id, freelancer_id, project_id, proposal_id, agreed_price, start_date, status)
VALUES ('aryan_gupta_11', 'rudra_mishra_27', 'proj005', '08590aab-5', 10000.00, '2025-05-04', 'active');

-- Contract for proj011 (API Development) by tanish_kapoor_12
INSERT INTO contracts (client_id, freelancer_id, project_id, proposal_id, agreed_price, start_date, status)
VALUES ('sara_dwivedi_26', 'tanish_kapoor_12', 'proj011', 'ef881afa-d', 34500.00, '2025-05-04', 'active');

-- Contract for proj015 (Instagram Reels) by tara_saxena_44
INSERT INTO contracts (client_id, freelancer_id, project_id, proposal_id, agreed_price, start_date, status)
VALUES ('trisha_aggarwal_36', 'tara_saxena_44', 'proj015', '883751f3-b', 9200.00, '2025-05-04', 'active');

-- Contract for proj013 (Translation Services) by parth_bose_14
INSERT INTO contracts (client_id, freelancer_id, project_id, proposal_id, agreed_price, start_date, status)
VALUES ('om_dutta_31', 'parth_bose_14', 'proj013', '5f49c2c9-f', 8100.00, '2025-05-04', 'completed');

-- Contract for proj002 (E-commerce Website) by ayaan_mittal_45
INSERT INTO contracts (client_id, freelancer_id, project_id, proposal_id, agreed_price, start_date, status)
VALUES ('reyansh_joshi_04', 'ayaan_mittal_45', 'proj002', 'af3e31cf-4', 74500.00, '2025-05-04', 'active');


----------------------------------------------------------------------------------------------------------------------------------------

--INSERTING VALUES FOR INVOICES

-- Paid Invoice 1
INSERT INTO invoices (contract_id, net_amount, due_date, status, paid_at)
VALUES ('f746a2e9-a', 5200.00, DATE '2025-05-04' + INTERVAL '30 days', 'paid', CURRENT_TIMESTAMP - INTERVAL '2 days');

-- Paid Invoice 2
INSERT INTO invoices (contract_id, net_amount, due_date, status, paid_at)
VALUES ('23f2e4f5-9', 8100.00, DATE '2025-05-04' + INTERVAL '30 days', 'paid', CURRENT_TIMESTAMP - INTERVAL '1 day');

-- Paid Invoice 3
INSERT INTO invoices (contract_id, net_amount, due_date, status, paid_at)
VALUES ('0ba11411-c', 74500.00, DATE '2025-05-04' + INTERVAL '30 days', 'paid', CURRENT_TIMESTAMP);

-- Pending Invoice 1
INSERT INTO invoices (contract_id, net_amount, due_date, status)
VALUES ('3c8655b5-c', 10000.00, DATE '2025-05-04' + INTERVAL '30 days', 'pending');

-- Pending Invoice 2
INSERT INTO invoices (contract_id, net_amount, due_date, status)
VALUES ('bb30a42b-0', 34500.00, DATE '2025-05-04' + INTERVAL '30 days', 'pending');

-- Pending Invoice 3
INSERT INTO invoices (contract_id, net_amount, due_date, status)
VALUES ('8250c35f-d', 9200.00, DATE '2025-05-04' + INTERVAL '30 days', 'pending');


----------------------------------------------------------------------------------------------------------------------------------------

--INSERTING VALUES FOR PAYMENTS
-- Completed Payments (for 'paid' invoices)
INSERT INTO payments (payment_id, contract_id, invoice_id, amount, payment_method, status)
VALUES 
('pay000001', 'f746a2e9-a', 'cabbfb7e-4', 5200.00, 'UPI', 'completed'),
('pay000002', '23f2e4f5-9', '1460a572-6', 8100.00, 'Credit Card', 'completed'),
('pay000003', '0ba11411-c', '976d21d9-5', 74500.00, 'Bank Transfer', 'completed');

-- Failed Payments (for 'pending' invoices)
INSERT INTO payments (payment_id, contract_id, invoice_id, amount, payment_method, status)
VALUES 
('pay000004', '3c8655b5-c', '6cd7096f-e', 10000.00, 'Debit Card', 'failed'),
('pay000005', 'bb30a42b-0', 'a282bf43-b', 34500.00, 'UPI', 'failed'),
('pay000006', '8250c35f-d', '71635808-7', 9200.00, 'Credit Card', 'failed');

----------------------------------------------------------------------------------------------------------------------------------------

--INSERTING VALUES INTO SUBMISSIONS
-- Approved submissions for completed contracts
INSERT INTO submissions (submission_id, submitted_by, contract_id, description, submitted_file, client_remarks, approved)
VALUES 
('subm00001', 'aanya_bhatt_24           ', 'f746a2e9-a', 'Final deliverables for proj004', 'file_f746a2e9-a.zip', 'Looks great. Well done!', TRUE),
('subm00002', 'parth_bose_14            ', '23f2e4f5-9', 'Completed project proj013 as per scope.', 'file_23f2e4f5-9.zip', 'All requirements met.', TRUE);

-- Pending approval submissions for active contracts
INSERT INTO submissions (submission_id, submitted_by, contract_id, description, submitted_file, client_remarks, approved)
VALUES 
('subm00003', 'rudra_mishra_27          ', '3c8655b5-c', 'Initial submission for proj005.', 'file_3c8655b5-c.zip', NULL, FALSE),
('subm00004', 'tanish_kapoor_12         ', 'bb30a42b-0', 'First draft for proj011.', 'file_bb30a42b-0.zip', NULL, FALSE),
('subm00005', 'tara_saxena_44           ', '8250c35f-d', 'Submission for proj015 phase 1.', 'file_8250c35f-d.zip', NULL, FALSE),
('subm00006', 'ayaan_mittal_45          ', '0ba11411-c', 'Work completed so far for proj002.', 'file_0ba11411-c.zip', NULL, FALSE);


----------------------------------------------------------------------------------------------------------------------------------------


--INSERTING VALUES FOR SUPPORT TICKETS

-- Ticket from kabir_nair_09 (completed project, resolved)
INSERT INTO support_tickets (ticket_id, raised_by, subject, description, status, resolved_at)
VALUES 
('ticket001', 'kabir_nair_09            ', 'Clarification on final invoice for proj004', 
 'I have a question regarding the final invoice breakdown. Please confirm the charges.', 
 'resolved', CURRENT_TIMESTAMP);

-- Ticket from aryan_gupta_11 (active project, open)
INSERT INTO support_tickets (ticket_id, raised_by, subject, description, status)
VALUES 
('ticket002', 'aryan_gupta_11           ', 'Delay in freelancer communication for proj005',
 'The freelancer has not responded in 3 days. Please assist.', 
 'open');

-- Ticket from sara_dwivedi_26 (active project, in progress)
INSERT INTO support_tickets (ticket_id, raised_by, subject, description, status)
VALUES 
('ticket003', 'sara_dwivedi_26          ', 'Issue with file upload on proj011 submission',
 'I am unable to upload files to the submission portal.', 
 'in progress');

-- Ticket from trisha_aggarwal_36 (active project, open)
INSERT INTO support_tickets (ticket_id, raised_by, subject, description, status)
VALUES 
('ticket004', 'trisha_aggarwal_36       ', 'Payment milestone clarification for proj015',
 'Need clarity on when the next milestone will be processed.', 
 'open');

-- Ticket from om_dutta_31 (completed project, closed)
INSERT INTO support_tickets (ticket_id, raised_by, subject, description, status, resolved_at)
VALUES 
('ticket005', 'om_dutta_31              ', 'Feedback on proj013 handling',
 'Just sharing feedback on the platform experience during the project.', 
 'closed', CURRENT_TIMESTAMP);

-- Ticket from reyansh_joshi_04 (active project, in progress)
INSERT INTO support_tickets (ticket_id, raised_by, subject, description, status)
VALUES 
('ticket006', 'reyansh_joshi_04         ', 'Freelancer requesting extension on proj002',
 'Freelancer requested deadline extension. I need guidance.', 
 'in progress');


